USE fruit_warehouse_manage;

INSERT INTO fruit_category (id, category_name, sort_no, status, remark) VALUES
(11, '柑橘类', 1, 1, '算法训练分类'),
(12, '热带类', 2, 1, '算法训练分类'),
(13, '浆果类', 3, 1, '算法训练分类'),
(14, '核果类', 4, 1, '算法训练分类'),
(15, '瓜果类', 5, 1, '算法训练分类');

INSERT INTO warehouse (id, warehouse_code, warehouse_name, location, manager_name, phone, status) VALUES
(1, 'WH001', '一号冷库', '华南分拨中心', '李仓', '13911110001', 1),
(2, 'WH002', '二号常温库', '华南分拨中心', '王仓', '13911110002', 1);

INSERT INTO fruit_info (id, fruit_code, fruit_name, category_id, unit, origin_place, shelf_life_days, warning_days, safe_stock_qty, suggested_purchase_price, suggested_sale_price, status, remark) VALUES
(101, 'FR101', '苹果', 14, 'kg', '山东烟台', 25, 4, 160.00, 6.80, 10.80, 1, '销量预测训练基础数据'),
(102, 'FR102', '香蕉', 12, 'kg', '广西南宁', 8, 2, 150.00, 4.20, 7.20, 1, '销量预测训练基础数据'),
(103, 'FR103', '橙子', 11, 'kg', '江西赣州', 18, 3, 120.00, 5.30, 8.60, 1, '销量预测训练基础数据'),
(104, 'FR104', '葡萄', 13, 'kg', '新疆吐鲁番', 10, 2, 90.00, 9.50, 14.50, 1, '销量预测训练基础数据'),
(105, 'FR105', '草莓', 13, 'kg', '辽宁丹东', 5, 1, 70.00, 12.00, 18.00, 1, '销量预测训练基础数据'),
(106, 'FR106', '西瓜', 15, 'kg', '海南三亚', 9, 2, 200.00, 2.80, 4.80, 1, '销量预测训练基础数据'),
(107, 'FR107', '哈密瓜', 15, 'kg', '新疆哈密', 12, 3, 110.00, 4.90, 7.90, 1, '销量预测训练基础数据'),
(108, 'FR108', '芒果', 12, 'kg', '海南海口', 7, 2, 100.00, 7.20, 11.20, 1, '销量预测训练基础数据'),
(109, 'FR109', '菠萝', 12, 'kg', '广东湛江', 10, 2, 95.00, 3.90, 6.80, 1, '销量预测训练基础数据'),
(110, 'FR110', '梨', 14, 'kg', '河北赵县', 20, 3, 110.00, 5.80, 8.90, 1, '销量预测训练基础数据'),
(111, 'FR111', '樱桃', 13, 'kg', '山东烟台', 6, 1, 60.00, 18.50, 28.00, 1, '销量预测训练基础数据'),
(112, 'FR112', '猕猴桃', 11, 'kg', '陕西周至', 16, 3, 85.00, 6.20, 9.90, 1, '销量预测训练基础数据'),
(113, 'FR113', '火龙果', 12, 'kg', '广西百色', 12, 3, 90.00, 7.80, 12.00, 1, '销量预测训练基础数据'),
(114, 'FR114', '柚子', 11, 'kg', '福建平和', 22, 4, 100.00, 4.60, 7.60, 1, '销量预测训练基础数据'),
(115, 'FR115', '柠檬', 11, 'kg', '四川安岳', 18, 3, 80.00, 5.10, 8.20, 1, '销量预测训练基础数据'),
(116, 'FR116', '桃子', 14, 'kg', '山东蒙阴', 7, 2, 88.00, 6.70, 10.50, 1, '销量预测训练基础数据'),
(117, 'FR117', '蓝莓', 13, 'kg', '云南红河', 6, 1, 55.00, 22.00, 32.00, 1, '销量预测训练基础数据'),
(118, 'FR118', '百香果', 12, 'kg', '广西玉林', 11, 2, 72.00, 8.30, 12.80, 1, '销量预测训练基础数据');

INSERT INTO supplier (id, supplier_code, supplier_name, contact_person, phone, address, credit_level, status, remark) VALUES
(301, 'SUP001', '训练供应商1', '联系人1', '1360000001', '水果供应链园区1', 'A', 1, '预测训练供应商样本'),
(302, 'SUP002', '训练供应商2', '联系人2', '1360000002', '水果供应链园区2', 'A', 1, '预测训练供应商样本'),
(303, 'SUP003', '训练供应商3', '联系人3', '1360000003', '水果供应链园区3', 'A', 1, '预测训练供应商样本'),
(304, 'SUP004', '训练供应商4', '联系人4', '1360000004', '水果供应链园区4', 'A', 1, '预测训练供应商样本'),
(305, 'SUP005', '训练供应商5', '联系人5', '1360000005', '水果供应链园区5', 'A', 1, '预测训练供应商样本'),
(306, 'SUP006', '训练供应商6', '联系人6', '1360000006', '水果供应链园区6', 'A', 1, '预测训练供应商样本'),
(307, 'SUP007', '训练供应商7', '联系人7', '1360000007', '水果供应链园区7', 'A', 1, '预测训练供应商样本'),
(308, 'SUP008', '训练供应商8', '联系人8', '1360000008', '水果供应链园区8', 'A', 1, '预测训练供应商样本'),
(309, 'SUP009', '训练供应商9', '联系人9', '1360000009', '水果供应链园区9', 'A', 1, '预测训练供应商样本'),
(310, 'SUP010', '训练供应商10', '联系人10', '1360000010', '水果供应链园区10', 'A', 1, '预测训练供应商样本');

INSERT INTO customer (id, customer_code, customer_name, contact_person, phone, address, customer_level, status, remark) VALUES
(401, 'CUS001', '训练客户1', '采购1', '1370000001', '批发市场档口1', 'NORMAL', 1, '销量历史训练客户样本'),
(402, 'CUS002', '训练客户2', '采购2', '1370000002', '批发市场档口2', 'A', 1, '销量历史训练客户样本'),
(403, 'CUS003', '训练客户3', '采购3', '1370000003', '批发市场档口3', 'VIP', 1, '销量历史训练客户样本'),
(404, 'CUS004', '训练客户4', '采购4', '1370000004', '批发市场档口4', 'A', 1, '销量历史训练客户样本'),
(405, 'CUS005', '训练客户5', '采购5', '1370000005', '批发市场档口5', 'NORMAL', 1, '销量历史训练客户样本'),
(406, 'CUS006', '训练客户6', '采购6', '1370000006', '批发市场档口6', 'VIP', 1, '销量历史训练客户样本'),
(407, 'CUS007', '训练客户7', '采购7', '1370000007', '批发市场档口7', 'NORMAL', 1, '销量历史训练客户样本'),
(408, 'CUS008', '训练客户8', '采购8', '1370000008', '批发市场档口8', 'A', 1, '销量历史训练客户样本'),
(409, 'CUS009', '训练客户9', '采购9', '1370000009', '批发市场档口9', 'VIP', 1, '销量历史训练客户样本'),
(410, 'CUS010', '训练客户10', '采购10', '1370000010', '批发市场档口10', 'A', 1, '销量历史训练客户样本');

INSERT INTO sales_order (id, sales_no, customer_id, warehouse_id, order_status, order_time, total_amount, created_by, remark) VALUES
(6001, 'SO_TRAIN_0001', 401, 1, 'CONFIRMED', '2025-12-23 11:00:00', 498.80, 3, '销量预测训练历史订单'),
(6002, 'SO_TRAIN_0002', 402, 1, 'CONFIRMED', '2025-12-26 13:00:00', 429.20, 3, '销量预测训练历史订单'),
(6003, 'SO_TRAIN_0003', 403, 1, 'CONFIRMED', '2025-12-29 15:00:00', 615.75, 3, '销量预测训练历史订单'),
(6004, 'SO_TRAIN_0004', 404, 2, 'CONFIRMED', '2026-01-01 17:00:00', 726.50, 3, '销量预测训练历史订单'),
(6005, 'SO_TRAIN_0005', 405, 1, 'CONFIRMED', '2026-01-04 09:00:00', 805.05, 3, '销量预测训练历史订单'),
(6006, 'SO_TRAIN_0006', 406, 1, 'CONFIRMED', '2026-01-07 11:00:00', 489.60, 3, '销量预测训练历史订单'),
(6007, 'SO_TRAIN_0007', 407, 1, 'CONFIRMED', '2026-01-10 13:00:00', 428.70, 3, '销量预测训练历史订单'),
(6008, 'SO_TRAIN_0008', 408, 2, 'CONFIRMED', '2026-01-13 15:00:00', 473.20, 3, '销量预测训练历史订单'),
(6009, 'SO_TRAIN_0009', 409, 1, 'CONFIRMED', '2026-01-16 17:00:00', 453.25, 3, '销量预测训练历史订单'),
(6010, 'SO_TRAIN_0010', 410, 1, 'CONFIRMED', '2026-01-19 09:00:00', 1050.90, 3, '销量预测训练历史订单'),
(6011, 'SO_TRAIN_0011', 401, 1, 'CONFIRMED', '2026-01-22 11:00:00', 1268.80, 3, '销量预测训练历史订单'),
(6012, 'SO_TRAIN_0012', 402, 2, 'CONFIRMED', '2026-01-25 13:00:00', 488.70, 3, '销量预测训练历史订单'),
(6013, 'SO_TRAIN_0013', 403, 1, 'CONFIRMED', '2026-01-28 15:00:00', 658.80, 3, '销量预测训练历史订单'),
(6014, 'SO_TRAIN_0014', 404, 1, 'CONFIRMED', '2026-01-31 17:00:00', 453.60, 3, '销量预测训练历史订单'),
(6015, 'SO_TRAIN_0015', 405, 1, 'CONFIRMED', '2026-02-03 09:00:00', 754.45, 3, '销量预测训练历史订单'),
(6016, 'SO_TRAIN_0016', 406, 2, 'CONFIRMED', '2026-02-06 11:00:00', 708.00, 3, '销量预测训练历史订单'),
(6017, 'SO_TRAIN_0017', 407, 1, 'CONFIRMED', '2026-02-09 13:00:00', 940.00, 3, '销量预测训练历史订单'),
(6018, 'SO_TRAIN_0018', 408, 1, 'CONFIRMED', '2026-02-12 15:00:00', 600.30, 3, '销量预测训练历史订单'),
(6019, 'SO_TRAIN_0019', 409, 1, 'CONFIRMED', '2026-02-15 17:00:00', 595.20, 3, '销量预测训练历史订单'),
(6020, 'SO_TRAIN_0020', 410, 2, 'CONFIRMED', '2026-02-18 09:00:00', 288.40, 3, '销量预测训练历史订单'),
(6021, 'SO_TRAIN_0021', 401, 1, 'CONFIRMED', '2026-02-21 11:00:00', 441.35, 3, '销量预测训练历史订单'),
(6022, 'SO_TRAIN_0022', 402, 1, 'CONFIRMED', '2026-02-24 13:00:00', 1362.00, 3, '销量预测训练历史订单'),
(6023, 'SO_TRAIN_0023', 403, 1, 'CONFIRMED', '2026-02-27 15:00:00', 569.25, 3, '销量预测训练历史订单'),
(6024, 'SO_TRAIN_0024', 404, 2, 'CONFIRMED', '2026-03-02 17:00:00', 336.00, 3, '销量预测训练历史订单');

INSERT INTO sales_order_item (id, sales_order_id, fruit_id, batch_id, quantity, unit_price, subtotal, remark) VALUES
(7001, 6001, 101, NULL, 27.00, 10.80, 291.60, '训练样本A'),
(7002, 6001, 108, NULL, 18.50, 11.20, 207.20, '训练样本B'),
(7003, 6002, 102, NULL, 36.00, 7.20, 259.20, '训练样本A'),
(7004, 6002, 109, NULL, 25.00, 6.80, 170.00, '训练样本B'),
(7005, 6003, 103, NULL, 39.00, 8.60, 335.40, '训练样本A'),
(7006, 6003, 110, NULL, 31.50, 8.90, 280.35, '训练样本B'),
(7007, 6004, 104, NULL, 25.00, 14.50, 362.50, '训练样本A'),
(7008, 6004, 111, NULL, 13.00, 28.00, 364.00, '训练样本B'),
(7009, 6005, 105, NULL, 34.00, 18.00, 612.00, '训练样本A'),
(7010, 6005, 112, NULL, 19.50, 9.90, 193.05, '训练样本B'),
(7011, 6006, 106, NULL, 37.00, 4.80, 177.60, '训练样本A'),
(7012, 6006, 113, NULL, 26.00, 12.00, 312.00, '训练样本B'),
(7013, 6007, 107, NULL, 23.00, 7.90, 181.70, '训练样本A'),
(7014, 6007, 114, NULL, 32.50, 7.60, 247.00, '训练样本B'),
(7015, 6008, 108, NULL, 32.00, 11.20, 358.40, '训练样本A'),
(7016, 6008, 115, NULL, 14.00, 8.20, 114.80, '训练样本B'),
(7017, 6009, 109, NULL, 35.00, 6.80, 238.00, '训练样本A'),
(7018, 6009, 116, NULL, 20.50, 10.50, 215.25, '训练样本B'),
(7019, 6010, 110, NULL, 21.00, 8.90, 186.90, '训练样本A'),
(7020, 6010, 117, NULL, 27.00, 32.00, 864.00, '训练样本B'),
(7021, 6011, 111, NULL, 30.00, 28.00, 840.00, '训练样本A'),
(7022, 6011, 118, NULL, 33.50, 12.80, 428.80, '训练样本B'),
(7023, 6012, 112, NULL, 33.00, 9.90, 326.70, '训练样本A'),
(7024, 6012, 101, NULL, 15.00, 10.80, 162.00, '训练样本B'),
(7025, 6013, 113, NULL, 42.00, 12.00, 504.00, '训练样本A'),
(7026, 6013, 102, NULL, 21.50, 7.20, 154.80, '训练样本B'),
(7027, 6014, 114, NULL, 28.00, 7.60, 212.80, '训练样本A'),
(7028, 6014, 103, NULL, 28.00, 8.60, 240.80, '训练样本B'),
(7029, 6015, 115, NULL, 31.00, 8.20, 254.20, '训练样本A'),
(7030, 6015, 104, NULL, 34.50, 14.50, 500.25, '训练样本B'),
(7031, 6016, 116, NULL, 40.00, 10.50, 420.00, '训练样本A'),
(7032, 6016, 105, NULL, 16.00, 18.00, 288.00, '训练样本B'),
(7033, 6017, 117, NULL, 26.00, 32.00, 832.00, '训练样本A'),
(7034, 6017, 106, NULL, 22.50, 4.80, 108.00, '训练样本B'),
(7035, 6018, 118, NULL, 29.00, 12.80, 371.20, '训练样本A'),
(7036, 6018, 107, NULL, 29.00, 7.90, 229.10, '训练样本B'),
(7037, 6019, 101, NULL, 38.00, 10.80, 410.40, '训练样本A'),
(7038, 6019, 108, NULL, 16.50, 11.20, 184.80, '训练样本B'),
(7039, 6020, 102, NULL, 24.00, 7.20, 172.80, '训练样本A'),
(7040, 6020, 109, NULL, 17.00, 6.80, 115.60, '训练样本B'),
(7041, 6021, 103, NULL, 27.00, 8.60, 232.20, '训练样本A'),
(7042, 6021, 110, NULL, 23.50, 8.90, 209.15, '训练样本B'),
(7043, 6022, 104, NULL, 36.00, 14.50, 522.00, '训练样本A'),
(7044, 6022, 111, NULL, 30.00, 28.00, 840.00, '训练样本B'),
(7045, 6023, 105, NULL, 22.00, 18.00, 396.00, '训练样本A'),
(7046, 6023, 112, NULL, 17.50, 9.90, 173.25, '训练样本B'),
(7047, 6024, 106, NULL, 25.00, 4.80, 120.00, '训练样本A'),
(7048, 6024, 113, NULL, 18.00, 12.00, 216.00, '训练样本B');
